observer,species_name,date_observed,location,notes,image_filename,original_species
jawwad,Monkey,2025-05-16,Margalla Hills,Banana ,Bonnet_macaque_(Macaca_radiata)_Photograph_By_Shantanu_Kuveskar.jpg,Monkey
lyeba,Leopard,2025-05-17,Margalla Hills,"rainforests, grasslands, deserts, and mountainous areas, it is an opportunistic predator, hunting mostly ungulates and primates. It relies on its spotted pattern for camouflage as it stalks and ambushes its prey, which it sometimes drags up a tree.",download.jpeg,Leopard
ali,Rhesus Macaque,2025-06-01,Trail 3 Margalla Hills,Group of 5 individuals near visitor center,macaque1.jpg,Rhesus Macaque
sara,Indian Crested Porcupine,2025-06-02,Daman-e-Koh,Nocturnal sighting near parking area,porcupine1.jpg,Indian Crested Porcupine
ahmed,Small Indian Mongoose,2025-06-03,Shakarparian Park,Quick movement in bushes,mongoose1.jpg,Small Indian Mongoose
fatima,Jungle Cat,2025-06-04,Rawal Lake,Near water edge at dusk,junglecat1.jpg,Jungle Cat
imran,Leopard,2025-06-05,Margalla Hills National Park,Distant sighting through binoculars,leopard1.jpg,Leopard
zara,Black Kite,2025-06-01,Faisal Mosque,Circling above mosque grounds,kite1.jpg,Black Kite
usman,Whitethroated Kingfisher,2025-06-02,Rawal Dam,Perched on branch near water,kingfisher1.jpg,Whitethroated Kingfisher
ayesha,Redvented Bulbul,2025-06-03,Shakarparian Nursery,Nesting in shrubs,bulbul1.jpg,Redvented Bulbul
hassan,Eurasian Hoopoe,2025-06-04,Rose & Jasmine Garden,Distinctive crown feathers,hoopoe1.jpg,Eurasian Hoopoe
sana,Himalayan Bulbul,2025-06-05,Trail 3,Singing in pine trees,bulbul2.jpg,Himalayan Bulbul
ana,Banyan Tree,2025-06-01,Lake View Park,Large specimen with aerial roots,banyan1.jpg,Banyan Tree
omar,Indian Rosewood,2025-06-02,F-9 Park,Mature tree flowering,rosewood1.jpg,Indian Rosewood
leila,Acacia,2025-06-03,Shakarparian,Bees visiting flowers,acacia1.jpg,Acacia
tariq,Sacred Fig,2025-06-04,Blue Area,Ancient tree near mosque,peepal1.jpg,Sacred Fig
farah,Oleander,2025-06-05,Constitution Avenue,Pink flowers blooming,oleander1.jpg,Oleander
hassan,Indian Cobra,2025-06-01,Trail 4 Margalla Hills,"3ft long, moving across path",cobra1.jpg,Indian Cobra
nadia,Monitor Lizard,2025-06-02,Rawal Lake,Large specimen sunbathing,monitor1.jpg,Monitor Lizard
kamran,Indian Krait,2025-06-03,Shah Allah Ditta,Night sighting near caves,krait1.jpg,Indian Krait
bilal,Sawscaled Viper,2025-06-04,Trail 2,Hissing defensive posture,viper1.jpg,Sawscaled Viper
zara,Indian Flapshell Turtle,2025-06-05,Lake View Park,Swimming in pond,turtle1.jpg,Indian Flapshell Turtle
wildlife_dept,Leopard,2025-01-15,Margalla Hills,Vulnerable species monitoring,leopard_conservation.jpg,Leopard
conservation_team,Indian Star Tortoise,2025-02-20,Shakarparian,Anti-poaching patrol,tortoise_conservation.jpg,Indian Star Tortoise
forest_dept,Indian Cobra,2025-03-10,Rawal Lake,Population survey,cobra_conservation.jpg,Indian Cobra
park_rangers,Himalayan Pine,2025-04-05,Trail 3,Reforestation effort,pine_conservation.jpg,Himalayan Pine
botanists,Banyan Tree,2025-05-12,Lake View Park,Old growth protection,banyan_conservation.jpg,Banyan Tree
